Workbook

Sheet Sheet1
A1: Pressure Transducer Calibration
A2: P (in. H20) | B2: V (Volts) | C2: Standard Deviation of V | D2: Uncertainty in V (95%) | E2: Uncertainty in P
A3: -3.3 | B3: -1.622 | C3: 0.029 | D3: =2*Table2[[#This Row],[Standard Deviation of V]] -> 0.058 | E3: 0.05
A4: 3.05 | B4: 1.316 | C4: 0.029 | D4: =2*Table2[[#This Row],[Standard Deviation of V]] -> 0.058 | E4: 0.05
A5: -0.7 | B5: -0.327 | C5: 0.026 | D5: =2*Table2[[#This Row],[Standard Deviation of V]] -> 0.052 | E5: 0.05
A9: Pressure transducer Calibration | D9: Atmospheric Conditions
A10: Slope (Calibration Constant) | B10: Uncertainty | D10: Temperature | E10: Pressure (hPa)
A11: ='Three Points'!K2 -> 2.166656 | B11: ='Three Points'!K6 -> 0.058121561 | D11: 23.9 | E11: 1015
A12: Intercept | B12: Uncertainty | D12: Humidity
A13: ='Three Points'!L2 -> 0.14049775 | B13: ='Three Points'!L6 -> 0.071521979
D15: Temp K | E15: Pressure (Pa)
A16: Wind Tunnel Calibration | D16: =CONVERT(D11,"C", "K") -> 297.05 | E16: =E11*100 -> 101500
A17: Slope (Calibration Constant) | B17: Uncertainty | E17: Density (kg/m^3)
A18: 0.5713 | B18: 0.025106 | E18: =E16/(287*D16) -> 1.1905691
A19: Intercept | B19: Uncertainty
A20: -0.296 | B20: 0.121
A23: Sutherlands Law | B23: Temperature | C23: Unit | D23: Viscosity | E23: Unit | F23: Sutherlands Constant | G23: Unit
A24: Reference | B24: 273.15 | C24: K | D24: 1.716e-05 | E24: Pa-s | F24: 111 | G24: K
A25: Actual (in lab units) | C25: F
A26: Actual (in SI unit) | B26: =CONVERT(B25,"F","K") -> 255.37222 | C26: K | D26: =D24*(B26/B24)^(2/3)*(B24+F24)/(B24-F24) -> 3.8870143e-05 | E26: Pa-s
A28: dynamic pressure | B28: velocity | C28: reynolds number | G28: 4 inch
A29: 2.445 | B29: =SQRT(2*A30/E18) -> 31.985015 | C29: =E18*B29*G29/D26 -> 99535.666 | F29: Lengthscale of airfoil: | G29: =CONVERT(4, "in", "m") -> 0.1016
A30: =A29*249.08 -> 609.0006
C31: 49.3
A34: Large Orifice diameter (in) | B34: 0.125
A35: Large Orifice diameter (mm) | B35: =CONVERT(B34,"in","mm") -> 3.175
A36: Large Orifice diameter (m) | B36: =CONVERT(B35, "mm", "m") -> 0.003175
A37: Large Orifice Area (m^2) | B37: =1/4 * B36^2 * PI() -> 7.9173044e-06
A38: Medium Orifice Diameter (in) | B38: 0.094
A39: Medium Orifice diameter (mm) | B39: =CONVERT(B38,"in","mm") -> 2.3876
A40: Medium Orifice diameter (m) | B40: =CONVERT(B39,"mm","m") -> 0.0023876
A41: Medium Orifice Area (m^2) | B41: =1/4 * B40^2 * PI() -> 4.4772673e-06
A42: Small Orufice diameter (in) | B42: 0.067
A43: Small Orifice diameter (mm) | B43: =CONVERT(B42,"in","mm") -> 1.7018
A44: Small Orifice diameter (m) | B44: =CONVERT(B43,"mm","m") -> 0.0017018
A45: Small Orifice area (m^2) | B45: =1/4 * B44^2 * PI() -> 2.2746099e-06
A46: Tank Volume (m^3) | B46: 0.125
A47: Room Pressure (kPa) | B47: 101
A48: gamma | B48: 1.4
A49: R | B49: 287
A50: ai_Large | B50: =SQRT(B48*B49*E143) -> 357.93006
A51: ai_Medium | B51: =SQRT(B48*B49*E302) -> 358.3676
A52: a-_Small | B52: =SQRT(B48*B49*E734) -> 350.06425
A53: t_charLarge | B53: =$B$46/(B37*$B$50) -> 44.10974
A54: t_charMedium | B54: =$B$46/(B41*$B$51) -> 77.905525
A55: t_charSmall | B55: =$B$46/(B45*$B$52) -> 156.98398
A58: Large
A59: Time (s) | B59: Pressure (kPa Gauge) | C59: Pressure (kPa absolute) | D59: Temp (C) | E59: Temp (K) | F59: t+ = t/t_char | G59: P+ = P/Pi
A60: 0 | B60: 150.64 | C60: =Table1[[#This Row],[Pressure (kPa Gauge)]]+101 -> 251.64 | D60: 24.88 | E60: =CONVERT(Table1[[#This Row],[Temp (C)]],"C","K") -> 298.03 | F60: =Table1[[#This Row],[Time (s)]]/$B$53 -> 0 | G60: =Table1[[#This Row],[Pressure (kPa absolute)]]/$C$143 -> 0.45804361
A61: 1 | B61: 150.68 | C61: =Table1[[#This Row],[Pressure (kPa Gauge)]]+101 -> 251.68 | D61: 24.85 | E61: =CONVERT(Table1[[#This Row],[Temp (C)]],"C","K") -> 298 | F61: =Table1[[#This Row],[Time (s)]]/$B$53 -> 0.02267073 | G61: =Table1[[#This Row],[Pressure (kPa absolute)]]/$C$143 -> 0.45811642
A62: 2 | B62: 150.73 | C62: =Table1[[#This Row],[Pressure (kPa Gauge)]]+101 -> 251.73 | D62: 24.82 | E62: =CONVERT(Table1[[#This Row],[Temp (C)]],"C","K") -> 297.97 | F62: =Table1[[#This Row],[Time (s)]]/$B$53 -> 0.04534146 | G62: =Table1[[#This Row],[Pressure (kPa absolute)]]/$C$143 -> 0.45820743
A63: 3 | B63: 150.77 | C63: =Table1[[#This Row],[Pressure (kPa Gauge)]]+101 -> 251.77 | D63: 24.82 | E63: =CONVERT(Table1[[#This Row],[Temp (C)]],"C","K") -> 297.97 | F63: =Table1[[#This Row],[Time (s)]]/$B$53 -> 0.06801219 | G63: =Table1[[#This Row],[Pressure (kPa absolute)]]/$C$143 -> 0.45828024
A64: 4 | B64: 150.82 | C64: =Table1[[#This Row],[Pressure (kPa Gauge)]]+101 -> 251.82 | D64: 24.8 | E64: =CONVERT(Table1[[#This Row],[Temp (C)]],"C","K") -> 297.95 | F64: =Table1[[#This Row],[Time (s)]]/$B$53 -> 0.09068292 | G64: =Table1[[#This Row],[Pressure (kPa absolute)]]/$C$143 -> 0.45837125
A65: 5 | B65: 150.87 | C65: =Table1[[#This Row],[Pressure (kPa Gauge)]]+101 -> 251.87 | D65: 24.79 | E65: =CONVERT(Table1[[#This Row],[Temp (C)]],"C","K") -> 297.94 | F65: =Table1[[#This Row],[Time (s)]]/$B$53 -> 0.11335365 | G65: =Table1[[#This Row],[Pressure (kPa absolute)]]/$C$143 -> 0.45846227
A66: 6 | B66: 150.9 | C66: =Table1[[#This Row],[Pressure (kPa Gauge)]]+101 -> 251.9 | D66: 24.77 | E66: =CONVERT(Table1[[#This Row],[Temp (C)]],"C","K") -> 297.92 | F66: =Table1[[#This Row],[Time (s)]]/$B$53 -> 0.13602438 | G66: =Table1[[#This Row],[Pressure (kPa absolute)]]/$C$143 -> 0.45851687
A67: 7 | B67: 150.95 | C67: =Table1[[#This Row],[Pressure (kPa Gauge)]]+101 -> 251.95 | D67: 24.77 | E67: =CONVERT(Table1[[#This Row],[Temp (C)]],"C","K") -> 297.92 | F67: =Table1[[#This Row],[Time (s)]]/$B$53 -> 0.15869511 | G67: =Table1[[#This Row],[Pressure (kPa absolute)]]/$C$143 -> 0.45860789
A68: 8 | B68: 151 | C68: =Table1[[#This Row],[Pressure (kPa Gauge)]]+101 -> 252 | D68: 24.76 | E68: =CONVERT(Table1[[#This Row],[Temp (C)]],"C","K") -> 297.91 | F68: =Table1[[#This Row],[Time (s)]]/$B$53 -> 0.18136584 | G68: =Table1[[#This Row],[Pressure (kPa absolute)]]/$C$143 -> 0.4586989
A69: 9 | B69: 151.04 | C69: =Table1[[#This Row],[Pressure (kPa Gauge)]]+101 -> 252.04 | D69: 24.76 | E69: =CONVERT(Table1[[#This Row],[Temp (C)]],"C","K") -> 297.91 | F69: =Table1[[#This Row],[Time (s)]]/$B$53 -> 0.20403657 | G69: =Table1[[#This Row],[Pressure (kPa absolute)]]/$C$143 -> 0.45877171
A70: 10 | B70: 151.08 | C70: =Table1[[#This Row],[Pressure (kPa Gauge)]]+101 -> 252.08 | D70: 24.75 | E70: =CONVERT(Table1[[#This Row],[Temp (C)]],"C","K") -> 297.9 | F70: =Table1[[#This Row],[Time (s)]]/$B$53 -> 0.2267073 | G70: =Table1[[#This Row],[Pressure (kPa absolute)]]/$C$143 -> 0.45884452
A71: 11 | B71: 151.12 | C71: =Table1[[#This Row],[Pressure (kPa Gauge)]]+101 -> 252.12 | D71: 24.73 | E71: =CONVERT(Table1[[#This Row],[Temp (C)]],"C","K") -> 297.88 | F71: =Table1[[#This Row],[Time (s)]]/$B$53 -> 0.24937803 | G71: =Table1[[#This Row],[Pressure (kPa absolute)]]/$C$143 -> 0.45891732
... A206: 63 | B206: 158.43 | C206: =Table1[[#This Row],[Pressure (kPa Gauge)]]+101 -> 259.43 | D206: 20.42 | E206: =CONVERT(Table1[[#This Row],[Temp (C)]],"C","K") -> 293.57 | F206: =Table1[[#This Row],[Time (s)]]/$B$53 -> 1.428256 | G206: =Table1[[#This Row],[Pressure (kPa absolute)]]/$C$143 -> 0.47222323
A207: Medium
A208: Time (s) | B208: Pressure (kPa Gauge) | C208: Pressure (kPa absolute) | D208: Temp (C) | E208: Temp (K) | F208: t+ = t/t_char | G208: P+ = P/Pi
A209: 0 | B209: 149.96 | C209: =Table14[[#This Row],[Pressure (kPa Gauge)]]+101 -> 250.96 | D209: 24.7 | E209: =CONVERT(Table14[[#This Row],[Temp (C)]],"C","K") -> 297.85 | F209: =Table14[[#This Row],[Time (s)]]/$B$54 -> 0 | G209: =Table14[[#This Row],[Pressure (kPa absolute)]]/$C$302 -> 0.46749376
A210: 1 | B210: 149.99 | C210: =Table14[[#This Row],[Pressure (kPa Gauge)]]+101 -> 250.99 | D210: 24.7 | E210: =CONVERT(Table14[[#This Row],[Temp (C)]],"C","K") -> 297.85 | F210: =Table14[[#This Row],[Time (s)]]/$B$54 -> 0.01283606 | G210: =Table14[[#This Row],[Pressure (kPa absolute)]]/$C$302 -> 0.46754964
A211: 2 | B211: 150.02 | C211: =Table14[[#This Row],[Pressure (kPa Gauge)]]+101 -> 251.02 | D211: 24.7 | E211: =CONVERT(Table14[[#This Row],[Temp (C)]],"C","K") -> 297.85 | F211: =Table14[[#This Row],[Time (s)]]/$B$54 -> 0.02567212 | G211: =Table14[[#This Row],[Pressure (kPa absolute)]]/$C$302 -> 0.46760553
A212: 3 | B212: 150.06 | C212: =Table14[[#This Row],[Pressure (kPa Gauge)]]+101 -> 251.06 | D212: 24.7 | E212: =CONVERT(Table14[[#This Row],[Temp (C)]],"C","K") -> 297.85 | F212: =Table14[[#This Row],[Time (s)]]/$B$54 -> 0.03850818 | G212: =Table14[[#This Row],[Pressure (kPa absolute)]]/$C$302 -> 0.46768004
A213: 4 | B213: 150.09 | C213: =Table14[[#This Row],[Pressure (kPa Gauge)]]+101 -> 251.09 | D213: 24.69 | E213: =CONVERT(Table14[[#This Row],[Temp (C)]],"C","K") -> 297.84 | F213: =Table14[[#This Row],[Time (s)]]/$B$54 -> 0.05134424 | G213: =Table14[[#This Row],[Pressure (kPa absolute)]]/$C$302 -> 0.46773593
A214: 5 | B214: 150.12 | C214: =Table14[[#This Row],[Pressure (kPa Gauge)]]+101 -> 251.12 | D214: 24.7 | E214: =CONVERT(Table14[[#This Row],[Temp (C)]],"C","K") -> 297.85 | F214: =Table14[[#This Row],[Time (s)]]/$B$54 -> 0.064180301 | G214: =Table14[[#This Row],[Pressure (kPa absolute)]]/$C$302 -> 0.46779181
A215: 6 | B215: 150.15 | C215: =Table14[[#This Row],[Pressure (kPa Gauge)]]+101 -> 251.15 | D215: 24.69 | E215: =CONVERT(Table14[[#This Row],[Temp (C)]],"C","K") -> 297.84 | F215: =Table14[[#This Row],[Time (s)]]/$B$54 -> 0.077016361 | G215: =Table14[[#This Row],[Pressure (kPa absolute)]]/$C$302 -> 0.4678477
A216: 7 | B216: 150.19 | C216: =Table14[[#This Row],[Pressure (kPa Gauge)]]+101 -> 251.19 | D216: 24.7 | E216: =CONVERT(Table14[[#This Row],[Temp (C)]],"C","K") -> 297.85 | F216: =Table14[[#This Row],[Time (s)]]/$B$54 -> 0.089852421 | G216: =Table14[[#This Row],[Pressure (kPa absolute)]]/$C$302 -> 0.46792221
A217: 8 | B217: 150.21 | C217: =Table14[[#This Row],[Pressure (kPa Gauge)]]+101 -> 251.21 | D217: 24.7 | E217: =CONVERT(Table14[[#This Row],[Temp (C)]],"C","K") -> 297.85 | F217: =Table14[[#This Row],[Time (s)]]/$B$54 -> 0.10268848 | G217: =Table14[[#This Row],[Pressure (kPa absolute)]]/$C$302 -> 0.46795946
A218: 9 | B218: 150.25 | C218: =Table14[[#This Row],[Pressure (kPa Gauge)]]+101 -> 251.25 | D218: 24.7 | E218: =CONVERT(Table14[[#This Row],[Temp (C)]],"C","K") -> 297.85 | F218: =Table14[[#This Row],[Time (s)]]/$B$54 -> 0.11552454 | G218: =Table14[[#This Row],[Pressure (kPa absolute)]]/$C$302 -> 0.46803398
A219: 10 | B219: 150.27 | C219: =Table14[[#This Row],[Pressure (kPa Gauge)]]+101 -> 251.27 | D219: 24.71 | E219: =CONVERT(Table14[[#This Row],[Temp (C)]],"C","K") -> 297.86 | F219: =Table14[[#This Row],[Time (s)]]/$B$54 -> 0.1283606 | G219: =Table14[[#This Row],[Pressure (kPa absolute)]]/$C$302 -> 0.46807123
A220: 11 | B220: 150.3 | C220: =Table14[[#This Row],[Pressure (kPa Gauge)]]+101 -> 251.3 | D220: 24.71 | E220: =CONVERT(Table14[[#This Row],[Temp (C)]],"C","K") -> 297.86 | F220: =Table14[[#This Row],[Time (s)]]/$B$54 -> 0.14119666 | G220: =Table14[[#This Row],[Pressure (kPa absolute)]]/$C$302 -> 0.46812712
... A424: 122 | B424: 154.55 | C424: =Table14[[#This Row],[Pressure (kPa Gauge)]]+101 -> 255.55 | D424: 18.84 | E424: =CONVERT(Table14[[#This Row],[Temp (C)]],"C","K") -> 291.99 | F424: =Table14[[#This Row],[Time (s)]]/$B$54 -> 1.5659993 | G424: =Table14[[#This Row],[Pressure (kPa absolute)]]/$C$302 -> 0.47604411
A425: Small
A426: Time (s) | B426: Pressure (kPa Gauge) | C426: Pressure (kPa absolute) | D426: Temp (C) | E426: Temp (K) | F426: t+ = t/t_char | G426: P+ = P/Pi
A427: 0 | B427: 156.13 | C427: =Table15[[#This Row],[Pressure (kPa Gauge)]]+101 -> 257.13 | D427: 21.15 | E427: =CONVERT(Table15[[#This Row],[Temp (C)]],"C","K") -> 294.3 | F427: =Table15[[#This Row],[Time (s)]]/$B$55 -> 0 | G427: =Table15[[#This Row],[Pressure (kPa absolute)]]/$C$734 -> 0.47948756
A428: 1 | B428: 156.25 | C428: =Table15[[#This Row],[Pressure (kPa Gauge)]]+101 -> 257.25 | D428: 21.19 | E428: =CONVERT(Table15[[#This Row],[Temp (C)]],"C","K") -> 294.34 | F428: =Table15[[#This Row],[Time (s)]]/$B$55 -> 0.0063700769 | G428: =Table15[[#This Row],[Pressure (kPa absolute)]]/$C$734 -> 0.47971133
A429: 2 | B429: 156.37 | C429: =Table15[[#This Row],[Pressure (kPa Gauge)]]+101 -> 257.37 | D429: 21.22 | E429: =CONVERT(Table15[[#This Row],[Temp (C)]],"C","K") -> 294.37 | F429: =Table15[[#This Row],[Time (s)]]/$B$55 -> 0.012740154 | G429: =Table15[[#This Row],[Pressure (kPa absolute)]]/$C$734 -> 0.47993511
A430: 3 | B430: 156.49 | C430: =Table15[[#This Row],[Pressure (kPa Gauge)]]+101 -> 257.49 | D430: 21.26 | E430: =CONVERT(Table15[[#This Row],[Temp (C)]],"C","K") -> 294.41 | F430: =Table15[[#This Row],[Time (s)]]/$B$55 -> 0.019110231 | G430: =Table15[[#This Row],[Pressure (kPa absolute)]]/$C$734 -> 0.48015888
A431: 4 | B431: 156.6 | C431: =Table15[[#This Row],[Pressure (kPa Gauge)]]+101 -> 257.6 | D431: 21.3 | E431: =CONVERT(Table15[[#This Row],[Temp (C)]],"C","K") -> 294.45 | F431: =Table15[[#This Row],[Time (s)]]/$B$55 -> 0.025480307 | G431: =Table15[[#This Row],[Pressure (kPa absolute)]]/$C$734 -> 0.480364
A432: 5 | B432: 156.71 | C432: =Table15[[#This Row],[Pressure (kPa Gauge)]]+101 -> 257.71 | D432: 21.34 | E432: =CONVERT(Table15[[#This Row],[Temp (C)]],"C","K") -> 294.49 | F432: =Table15[[#This Row],[Time (s)]]/$B$55 -> 0.031850384 | G432: =Table15[[#This Row],[Pressure (kPa absolute)]]/$C$734 -> 0.48056913
A433: 6 | B433: 156.81 | C433: =Table15[[#This Row],[Pressure (kPa Gauge)]]+101 -> 257.81 | D433: 21.39 | E433: =CONVERT(Table15[[#This Row],[Temp (C)]],"C","K") -> 294.54 | F433: =Table15[[#This Row],[Time (s)]]/$B$55 -> 0.038220461 | G433: =Table15[[#This Row],[Pressure (kPa absolute)]]/$C$734 -> 0.4807556
A434: 7 | B434: 156.91 | C434: =Table15[[#This Row],[Pressure (kPa Gauge)]]+101 -> 257.91 | D434: 21.43 | E434: =CONVERT(Table15[[#This Row],[Temp (C)]],"C","K") -> 294.58 | F434: =Table15[[#This Row],[Time (s)]]/$B$55 -> 0.044590538 | G434: =Table15[[#This Row],[Pressure (kPa absolute)]]/$C$734 -> 0.48094208
A435: 8 | B435: 157.02 | C435: =Table15[[#This Row],[Pressure (kPa Gauge)]]+101 -> 258.02 | D435: 21.47 | E435: =CONVERT(Table15[[#This Row],[Temp (C)]],"C","K") -> 294.62 | F435: =Table15[[#This Row],[Time (s)]]/$B$55 -> 0.050960615 | G435: =Table15[[#This Row],[Pressure (kPa absolute)]]/$C$734 -> 0.4811472
A436: 9 | B436: 157.12 | C436: =Table15[[#This Row],[Pressure (kPa Gauge)]]+101 -> 258.12 | D436: 21.51 | E436: =CONVERT(Table15[[#This Row],[Temp (C)]],"C","K") -> 294.66 | F436: =Table15[[#This Row],[Time (s)]]/$B$55 -> 0.057330692 | G436: =Table15[[#This Row],[Pressure (kPa absolute)]]/$C$734 -> 0.48133368
A437: 10 | B437: 157.21 | C437: =Table15[[#This Row],[Pressure (kPa Gauge)]]+101 -> 258.21 | D437: 21.55 | E437: =CONVERT(Table15[[#This Row],[Temp (C)]],"C","K") -> 294.7 | F437: =Table15[[#This Row],[Time (s)]]/$B$55 -> 0.063700769 | G437: =Table15[[#This Row],[Pressure (kPa absolute)]]/$C$734 -> 0.48150151
A438: 11 | B438: 157.3 | C438: =Table15[[#This Row],[Pressure (kPa Gauge)]]+101 -> 258.3 | D438: 21.59 | E438: =CONVERT(Table15[[#This Row],[Temp (C)]],"C","K") -> 294.74 | F438: =Table15[[#This Row],[Time (s)]]/$B$55 -> 0.070070846 | G438: =Table15[[#This Row],[Pressure (kPa absolute)]]/$C$734 -> 0.48166934
... A918: 184 | B918: 154.28 | C918: =Table15[[#This Row],[Pressure (kPa Gauge)]]+101 -> 255.28 | D918: 19.51 | E918: =CONVERT(Table15[[#This Row],[Temp (C)]],"C","K") -> 292.66 | F918: =Table15[[#This Row],[Time (s)]]/$B$55 -> 1.1720941 | G918: =Table15[[#This Row],[Pressure (kPa absolute)]]/$C$734 -> 0.47603774

Sheet Three Points
B1: x1 | C1: x2 | D1: x3 | F1: y1 | G1: y2 | H1: y3 | K1: slope | L1: Intercept
A2: x,y values | B2: =Sheet1!B3 -> -1.622 | C2: =Sheet1!B4 -> 1.316 | D2: =Sheet1!B5 -> -0.327 | F2: =Sheet1!A3 -> -3.3 | G2: =Sheet1!A4 -> 3.05 | H2: =Sheet1!A5 -> -0.7 | K2: =SLOPE(F2:I2,B2:E2) -> 2.166656 | L2: =INTERCEPT(F2:H2,B2:D2) -> 0.14049775
B3: ux1 | C3: ux2 | D3: ux3 | F3: uy1 | G3: uy2 | H3: uy3 | N3: 95% CI | O3: =K5*2 -> 0.058121561
A4: --> 95% CI | B4: =Sheet1!E3 -> 0.05 | C4: =Table2[[#This Row],[Uncertainty in P ]] -> 0.05 | D4: =Sheet1!E5 -> 0.05 | F4: =Sheet1!D3 -> 0.058 | G4: =Table2[[#This Row],[Uncertainty in V (95%)]] -> 0.058 | H4: =Sheet1!D5 -> 0.052 | J4: average slope ---> | K4: =AVERAGE(K7:K10000) -> 2.1667828 | L4: =AVERAGE(L7:L10000) -> 0.14092828 | M4: <--- average intercept
J5: standard deviation of slope --> | K5: =STDEV(K7:K10000) -> 0.029060781 | L5: =STDEV(L7:L10000) -> 0.035760989
B6: x1' | C6: x2' | D6: x3' | F6: y1' | G6: y2' | H6: y3' | J6: Uncetainty in slope ---> | K6: =2*K5 -> 0.058121561 | L6: =2*L5 -> 0.071521979
B7: =_xlfn.NORM.INV(RAND(),B$2,B$4/2) -> -1.626457 | C7: =_xlfn.NORM.INV(RAND(),C$2,C$4/2) -> 1.3178896 | D7: =_xlfn.NORM.INV(RAND(),D$2,D$4/2) -> -0.3605263 | F7: =_xlfn.NORM.INV(RAND(),F$2,F$4/2) -> -3.2902976 | G7: =_xlfn.NORM.INV(RAND(),G$2,G$4/2) -> 3.0824561 | H7: =_xlfn.NORM.INV(RAND(),H$2,H$4/2) -> -0.6854908 | K7: =SLOPE(F7:H7,B7:D7) -> 2.1686634 | L7: =INTERCEPT(F7:H7,B7:D7) -> 0.18590227
B8: =_xlfn.NORM.INV(RAND(),B$2,B$4/2) -> -1.6000428 | C8: =_xlfn.NORM.INV(RAND(),C$2,C$4/2) -> 1.2892782 | D8: =_xlfn.NORM.INV(RAND(),D$2,D$4/2) -> -0.33772999 | F8: =_xlfn.NORM.INV(RAND(),F$2,F$4/2) -> -3.3271542 | G8: =_xlfn.NORM.INV(RAND(),G$2,G$4/2) -> 3.0748374 | H8: =_xlfn.NORM.INV(RAND(),H$2,H$4/2) -> -0.7471817 | K8: =SLOPE(F8:H8,B8:D8) -> 2.2220287 | L8: =INTERCEPT(F8:H8,B8:D8) -> 0.14715835
B9: =_xlfn.NORM.INV(RAND(),B$2,B$4/2) -> -1.6216937 | C9: =_xlfn.NORM.INV(RAND(),C$2,C$4/2) -> 1.2932242 | D9: =_xlfn.NORM.INV(RAND(),D$2,D$4/2) -> -0.30901216 | F9: =_xlfn.NORM.INV(RAND(),F$2,F$4/2) -> -3.2950063 | G9: =_xlfn.NORM.INV(RAND(),G$2,G$4/2) -> 3.0603604 | H9: =_xlfn.NORM.INV(RAND(),H$2,H$4/2) -> -0.65946401 | K9: =SLOPE(F9:H9,B9:D9) -> 2.1854188 | L9: =INTERCEPT(F9:H9,B9:D9) -> 0.16635152 | M9: 1
B10: =_xlfn.NORM.INV(RAND(),B$2,B$4/2) -> -1.6377732 | C10: =_xlfn.NORM.INV(RAND(),C$2,C$4/2) -> 1.3297355 | D10: =_xlfn.NORM.INV(RAND(),D$2,D$4/2) -> -0.35754292 | F10: =_xlfn.NORM.INV(RAND(),F$2,F$4/2) -> -3.2594667 | G10: =_xlfn.NORM.INV(RAND(),G$2,G$4/2) -> 3.0114163 | H10: =_xlfn.NORM.INV(RAND(),H$2,H$4/2) -> -0.72351773 | K10: =SLOPE(F10:H10,B10:D10) -> 2.1183689 | L10: =INTERCEPT(F10:H10,B10:D10) -> 0.14612571
B11: =_xlfn.NORM.INV(RAND(),B$2,B$4/2) -> -1.6367947 | C11: =_xlfn.NORM.INV(RAND(),C$2,C$4/2) -> 1.3456196 | D11: =_xlfn.NORM.INV(RAND(),D$2,D$4/2) -> -0.29764616 | F11: =_xlfn.NORM.INV(RAND(),F$2,F$4/2) -> -3.2965321 | G11: =_xlfn.NORM.INV(RAND(),G$2,G$4/2) -> 3.0412417 | H11: =_xlfn.NORM.INV(RAND(),H$2,H$4/2) -> -0.70184347 | K11: =SLOPE(F11:H11,B11:D11) -> 2.130751 | L11: =INTERCEPT(F11:H11,B11:D11) -> 0.099165932
B12: =_xlfn.NORM.INV(RAND(),B$2,B$4/2) -> -1.5962087 | C12: =_xlfn.NORM.INV(RAND(),C$2,C$4/2) -> 1.3338846 | D12: =_xlfn.NORM.INV(RAND(),D$2,D$4/2) -> -0.29036012 | F12: =_xlfn.NORM.INV(RAND(),F$2,F$4/2) -> -3.2782487 | G12: =_xlfn.NORM.INV(RAND(),G$2,G$4/2) -> 3.0365806 | H12: =_xlfn.NORM.INV(RAND(),H$2,H$4/2) -> -0.71658182 | K12: =SLOPE(F12:H12,B12:D12) -> 2.1613852 | L12: =INTERCEPT(F12:H12,B12:D12) -> 0.078771149
B13: =_xlfn.NORM.INV(RAND(),B$2,B$4/2) -> -1.6068839 | C13: =_xlfn.NORM.INV(RAND(),C$2,C$4/2) -> 1.325008 | D13: =_xlfn.NORM.INV(RAND(),D$2,D$4/2) -> -0.27879703 | F13: =_xlfn.NORM.INV(RAND(),F$2,F$4/2) -> -3.2651289 | G13: =_xlfn.NORM.INV(RAND(),G$2,G$4/2) -> 3.0337741 | H13: =_xlfn.NORM.INV(RAND(),H$2,H$4/2) -> -0.69667046 | K13: =SLOPE(F13:H13,B13:D13) -> 2.1544815 | L13: =INTERCEPT(F13:H13,B13:D13) -> 0.093311371
B14: =_xlfn.NORM.INV(RAND(),B$2,B$4/2) -> -1.6422565 | C14: =_xlfn.NORM.INV(RAND(),C$2,C$4/2) -> 1.3406766 | D14: =_xlfn.NORM.INV(RAND(),D$2,D$4/2) -> -0.33621065 | F14: =_xlfn.NORM.INV(RAND(),F$2,F$4/2) -> -3.2834849 | G14: =_xlfn.NORM.INV(RAND(),G$2,G$4/2) -> 3.0943622 | H14: =_xlfn.NORM.INV(RAND(),H$2,H$4/2) -> -0.72979964 | K14: =SLOPE(F14:H14,B14:D14) -> 2.1447134 | L14: =INTERCEPT(F14:H14,B14:D14) -> 0.1496518
B15: =_xlfn.NORM.INV(RAND(),B$2,B$4/2) -> -1.6537889 | C15: =_xlfn.NORM.INV(RAND(),C$2,C$4/2) -> 1.3299277 | D15: =_xlfn.NORM.INV(RAND(),D$2,D$4/2) -> -0.31597839 | F15: =_xlfn.NORM.INV(RAND(),F$2,F$4/2) -> -3.2838129 | G15: =_xlfn.NORM.INV(RAND(),G$2,G$4/2) -> 3.0881342 | H15: =_xlfn.NORM.INV(RAND(),H$2,H$4/2) -> -0.73183749 | K15: =SLOPE(F15:H15,B15:D15) -> 2.1425862 | L15: =INTERCEPT(F15:H15,B15:D15) -> 0.14779841
B16: =_xlfn.NORM.INV(RAND(),B$2,B$4/2) -> -1.6414728 | C16: =_xlfn.NORM.INV(RAND(),C$2,C$4/2) -> 1.3103801 | D16: =_xlfn.NORM.INV(RAND(),D$2,D$4/2) -> -0.32124171 | F16: =_xlfn.NORM.INV(RAND(),F$2,F$4/2) -> -3.2472629 | G16: =_xlfn.NORM.INV(RAND(),G$2,G$4/2) -> 3.0348649 | H16: =_xlfn.NORM.INV(RAND(),H$2,H$4/2) -> -0.65179233 | K16: =SLOPE(F16:H16,B16:D16) -> 2.1332835 | L16: =INTERCEPT(F16:H16,B16:D16) -> 0.17580797
B17: =_xlfn.NORM.INV(RAND(),B$2,B$4/2) -> -1.5980486 | C17: =_xlfn.NORM.INV(RAND(),C$2,C$4/2) -> 1.3309744 | D17: =_xlfn.NORM.INV(RAND(),D$2,D$4/2) -> -0.32715002 | F17: =_xlfn.NORM.INV(RAND(),F$2,F$4/2) -> -3.3822358 | G17: =_xlfn.NORM.INV(RAND(),G$2,G$4/2) -> 3.0984691 | H17: =_xlfn.NORM.INV(RAND(),H$2,H$4/2) -> -0.67169644 | K17: =SLOPE(F17:H17,B17:D17) -> 2.2156168 | L17: =INTERCEPT(F17:H17,B17:D17) -> 0.12036998
B18: =_xlfn.NORM.INV(RAND(),B$2,B$4/2) -> -1.6135665 | C18: =_xlfn.NORM.INV(RAND(),C$2,C$4/2) -> 1.304866 | D18: =_xlfn.NORM.INV(RAND(),D$2,D$4/2) -> -0.26334226 | F18: =_xlfn.NORM.INV(RAND(),F$2,F$4/2) -> -3.2915564 | G18: =_xlfn.NORM.INV(RAND(),G$2,G$4/2) -> 3.0667879 | H18: =_xlfn.NORM.INV(RAND(),H$2,H$4/2) -> -0.70578146 | K18: =SLOPE(F18:H18,B18:D18) -> 2.1847465 | L18: =INTERCEPT(F18:H18,B18:D18) -> 0.10640619
B19: =_xlfn.NORM.INV(RAND(),B$2,B$4/2) -> -1.5972331 | C19: =_xlfn.NORM.INV(RAND(),C$2,C$4/2) -> 1.320942 | D19: =_xlfn.NORM.INV(RAND(),D$2,D$4/2) -> -0.32298641 | F19: =_xlfn.NORM.INV(RAND(),F$2,F$4/2) -> -3.2878463 | G19: =_xlfn.NORM.INV(RAND(),G$2,G$4/2) -> 3.0733972 | H19: =_xlfn.NORM.INV(RAND(),H$2,H$4/2) -> -0.72870763 | K19: =SLOPE(F19:H19,B19:D19) -> 2.1861619 | L19: =INTERCEPT(F19:H19,B19:D19) -> 0.12232029
B20: =_xlfn.NORM.INV(RAND(),B$2,B$4/2) -> -1.5917199 | C20: =_xlfn.NORM.INV(RAND(),C$2,C$4/2) -> 1.3203592 | D20: =_xlfn.NORM.INV(RAND(),D$2,D$4/2) -> -0.29149116 | F20: =_xlfn.NORM.INV(RAND(),F$2,F$4/2) -> -3.3441858 | G20: =_xlfn.NORM.INV(RAND(),G$2,G$4/2) -> 3.0148536 | H20: =_xlfn.NORM.INV(RAND(),H$2,H$4/2) -> -0.70999211 | K20: =SLOPE(F20:H20,B20:D20) -> 2.1886818 | L20: =INTERCEPT(F20:H20,B20:D20) -> 0.064193051
B21: =_xlfn.NORM.INV(RAND(),B$2,B$4/2) -> -1.600293 | C21: =_xlfn.NORM.INV(RAND(),C$2,C$4/2) -> 1.3196513 | D21: =_xlfn.NORM.INV(RAND(),D$2,D$4/2) -> -0.35697258 | F21: =_xlfn.NORM.INV(RAND(),F$2,F$4/2) -> -3.3206402 | G21: =_xlfn.NORM.INV(RAND(),G$2,G$4/2) -> 3.0586322 | H21: =_xlfn.NORM.INV(RAND(),H$2,H$4/2) -> -0.697014 | K21: =SLOPE(F21:H21,B21:D21) -> 2.1878414 | L21: =INTERCEPT(F21:H21,B21:D21) -> 0.14532561
... B10806: =_xlfn.NORM.INV(RAND(),B$2,B$4/2) -> -1.6270076 | C10806: =_xlfn.NORM.INV(RAND(),C$2,C$4/2) -> 1.3279825 | D10806: =_xlfn.NORM.INV(RAND(),D$2,D$4/2) -> -0.31405273 | F10806: =_xlfn.NORM.INV(RAND(),F$2,F$4/2) -> -3.282937 | G10806: =_xlfn.NORM.INV(RAND(),G$2,G$4/2) -> 3.0486476 | H10806: =_xlfn.NORM.INV(RAND(),H$2,H$4/2) -> -0.71208504 | K10806: =SLOPE(F10806:H10806,B10806:D10806) -> 2.1487401 | L10806: =INTERCEPT(F10806:H10806,B10806:D10806) -> 0.12365679
